2,0Bebés,bebes,0
3,2Niñas de hasta 24 meses,ninas-hasta-24-meses,0
4,3Accesorios para bebés niña,accesorios-bebes-nina,0
5,3Bermudas,bermudas,0
6,3Calcetines y medias,calcetines-medias,0
7,3Conjuntos,conjuntos,0
8,3Faldas y faldas pantalón,faldas-faldas-pantalon,0
9,3Leggings,leggings,0
10,3Pantalones,pantalones,0
11,3Pantalones de peto,pantalones-peto,0
12,3Partes de arriba,partes-arriba,0
13,3Ropa de abrigo,abrigo,0
14,3Ropa de bautizo,bautizo,0
15,3Ropa de deporte,deporte,0
16,3Ropa de nieve y lluvia,nieve-lluvia,0
17,3Ropa de punto,punto,0
18,3Ropa de una pieza,una-pieza,0
19,3Ropa interior,interior,0
20,3Ropa para dormir y batas,dormir-batas,0
21,3Trajes de baño,trajes-bano,0
22,3Vaqueros,vaqueros,0
23,3Vestidos,vestidos,0
24,2Niños de hasta 24 meses,ninos-hasta-24-meses,0
25,24Accesorios para bebés niño,accesorios-bebes-nino,0
26,24Bermudas,bermudas-26,0
27,24Calcetines y medias,calcetines-medias-27,0
28,24Conjuntos,conjuntos-28,0
29,24Leggings,leggings-29,0
30,24Pantalones,pantalones-30,0
31,24Pantalones de peto,pantalones-peto-31,0
32,24Partes de arriba,partes-arriba-32,0
33,24Punto,punto-33,0
34,24Ropa de abrigo,abrigo-34,0
35,24Ropa de bautizo,bautizo-35,0
36,24Ropa de deporte,deporte-36,0
37,24Ropa de nieve y lluvia,nieve-lluvia-37,0
38,24Ropa de una pieza,una-pieza-38,0
39,24Ropa interior,interior-39,0
40,24Ropa para dormir y batas,dormir-batas-40,0
41,24Trajes de baño,trajes-bano-41,0
42,24Vaqueros,vaqueros-42,0
43,0Chicas,chicas,0
44,43Accesorios,accesorios,0
45,44Bufandas,bufandas,0
46,44Calentadores lumbares,calentadores-lumbares,0
47,44Cinturones,cinturones,0
48,44Diademas de moda,diademas-moda,0
49,44Diademas deportivas,diademas-deportivas,0
50,44Gafas y accesorios,gafas-accesorios,0
51,44Guantes,guantes,0
52,44Manguitos y calentadores,manguitos-calentadores,0
53,44Orejeras,orejeras,0
54,44Pasamontañas,pasamontanas,0
55,44Pañuelos,panuelos,0
56,"44Set de bufanda, gorro y guantes",set-bufanda-gorro-guantes,0
57,44Sombreros y gorras,sombreros-gorras,0
58,44Tirantes,tirantes,0
59,43Blazers,blazers,0
60,"43Calcetines, medias y leggings",calcetines-medias-leggings,0
61,60Calcetines,calcetines,0
62,60Calcetines cortos,calcetines-cortos,0
63,60Calcetines hasta la rodilla,calcetines-hasta-rodilla,0
64,60Leggings,leggings-64,0
65,60Medias,medias,0
66,"43Camisetas, tops y blusas",camisetas-tops-blusas,0
67,66Blusas y camisas,blusas-camisas,0
68,66Camisetas de manga corta,camisetas-manga-corta,0
69,66Camisetas de manga larga,camisetas-manga-larga,0
70,66Camisetas de tirantes,camisetas-tirantes,0
71,66Polos,polos,0
72,43Conjuntos,conjuntos-72,0
73,43Faldas,faldas,0
74,43Pantalones,pantalones-74,0
75,43Pantalones cortos,pantalones-cortos,0
76,43Petos y monos,petos-monos,0
77,43Pijamas y batas,pijamas-batas,0
78,77Albornoces,albornoces,0
79,77Camisetas de pijama,camisetas-pijama,0
80,77Camisones,camisones,0
81,77Pantalones de pijama,pantalones-pijama,0
82,77Pijamas,pijamas,0
83,77Pijamas de una pieza,pijamas-una-pieza,0
84,43Prendas de punto,prendas-punto,0
85,84Cárdigans,cardigans,0
86,84Jerséis,jerseis,0
87,43Ropa de abrigo,abrigo-87,0
88,87Abrigos,abrigos,0
89,87Abrigos impermeables,abrigos-impermeables,0
90,87Chalecos,chalecos,0
91,87Chaquetas,chaquetas,0
92,43Ropa de baño,bano,0
93,92Bóxers y bermudas,boxers-bermudas,0
94,92Camisetas de neopreno,camisetas-neopreno,0
95,92Camisolas y pareos,camisolas-pareos,0
96,92Conjuntos de ropa de baño,conjuntos-bano,0
97,92Monokinis,monokinis,0
98,92Trajes de dos piezas,trajes-dos-piezas,0
99,92Trajes de una pieza,trajes-una-pieza,0
100,43Ropa deportiva,deportiva,0
101,100Base layers y compresión,base-layers-compresion,0
102,100Calcetines de deporte,calcetines-deporte,0
103,100Camisetas y camisas deportivas,camisetas-camisas-deportivas,0
104,100Chalecos deportivos,chalecos-deportivos,0
105,100Chaquetas deportivas,chaquetas-deportivas,0
106,100Conjuntos deportivos,conjuntos-deportivos,0
107,100Faldas,faldas-107,0
108,100Leggings,leggings-108,0
109,100Pantalones cortos deportivos,pantalones-cortos-deportivos,0
110,100Pantalones deportivos,pantalones-deportivos,0
111,100Ropa de punto deportiva,punto-deportiva,0
112,100Ropa interior deportiva,interior-deportiva,0
113,100Sudaderas,sudaderas,0
114,100Vestido deportivo,vestido-deportivo,0
115,43Ropa impermeable y de nieve,impermeable-nieve,0
116,115Abrigos impermeables,abrigos-impermeables-116,0
117,115Abrigos para la nieve,abrigos-nieve,0
118,115Pantalones impermeables,pantalones-impermeables,0
119,115Pantalones y monos para la nieve,pantalones-monos-nieve,0
120,43Ropa interior,interior-120,0
121,120Braguitas,braguitas,0
122,120Camisetas de tirantes,camisetas-tirantes-122,0
123,120Combinaciones,combinaciones,0
124,120Sujetadores,sujetadores,0
125,120Térmicos,termicos,0
126,43Sudaderas,sudaderas-126,0
127,126Sudaderas con capucha,sudaderas-con-capucha,0
128,126Sudaderas sin capucha,sudaderas-capucha,0
129,43Vaqueros,vaqueros-129,0
130,43Vestidos,vestidos-130,0
131,0Chicos,chicos,0
132,131Accesorios,accesorios-132,0
133,132Bufandas,bufandas-133,0
134,132Cinturones,cinturones-134,0
135,132Corbatas y pajaritas,corbatas-pajaritas,0
136,132Diademas de moda,diademas-moda-136,0
137,132Diademas deportivas,diademas-deportivas-137,0
138,132Gafas y accesorios,gafas-accesorios-138,0
139,132Guantes,guantes-139,0
140,132Manguitos y calentadores,manguitos-calentadores-140,0
141,132Orejeras,orejeras-141,0
142,132Pasamontañas,pasamontanas-142,0
143,132Pañuelos,panuelos-143,0
144,"132Set de bufanda, gorro y guantes",set-bufanda-gorro-guantes-144,0
145,132Sombreros y gorras,sombreros-gorras-145,0
146,132Tirantes,tirantes-146,0
147,131Calcetines y calcetería,calcetines-calceteria,0
148,147Calcetines,calcetines-148,0
149,147Calcetines antideslizantes,calcetines-antideslizantes,0
150,"131Camisetas, polos y camisas",camisetas-polos-camisas,0
151,150Camisas,camisas,0
152,150Camisetas de manga corta,camisetas-manga-corta-152,0
153,150Camisetas de manga larga,camisetas-manga-larga-153,0
154,150Camisetas de tirantes,camisetas-tirantes-154,0
155,150Polos,polos-155,0
156,131Conjuntos,conjuntos-156,0
157,131Monos,monos,0
158,131Pantalones,pantalones-158,0
159,131Pantalones cortos,pantalones-cortos-159,0
160,131Pijamas y batas,pijamas-batas-160,0
161,160Albornoces,albornoces-161,0
162,160Camisetas de pijama,camisetas-pijama-162,0
163,160Pantalones de pijama,pantalones-pijama-163,0
164,160Pijamas de una pieza,pijamas-una-pieza-164,0
165,160Pijamas dos piezas,pijamas-dos-piezas,0
166,131Prendas de punto,prendas-punto-166,0
167,131Ropa de abrigo,abrigo-167,0
168,167Abrigos,abrigos-168,0
169,167Chalecos,chalecos-169,0
170,167Chaquetas,chaquetas-170,0
171,167Impermeables,impermeables,0
172,131Ropa de baño,bano-172,0
173,172Bañadores,banadores,0
174,172Camisetas de neopreno,camisetas-neopreno-174,0
175,172Prendas de una pieza,prendas-una-pieza,0
176,172Slips de natación,slips-natacion,0
177,131Ropa deportiva,deportiva-177,0
178,177Base layers y compresión,base-layers-compresion-178,0
179,177Calcetines de deporte,calcetines-deporte-179,0
180,177Camisetas y camisas deportivas,camisetas-camisas-deportivas-180,0
181,177Chalecos deportivos,chalecos-deportivos-181,0
182,177Chaquetas deportivas,chaquetas-deportivas-182,0
183,177Conjuntos deportivos,conjuntos-deportivos-183,0
184,177Leggings,leggings-184,0
185,177Pantalones cortos deportivos,pantalones-cortos-deportivos-185,0
186,177Pantalones deportivos,pantalones-deportivos-186,0
187,177Ropa de punto deportiva,punto-deportiva-187,0
188,177Ropa interior deportiva,interior-deportiva-188,0
189,177Sudaderas,sudaderas-189,0
190,131Ropa impermeable y de nieve,impermeable-nieve-190,0
191,190Abrigos para la nieve,abrigos-nieve-191,0
192,190Impermeables,impermeables-192,0
193,190Pantalones impermeables,pantalones-impermeables-193,0
194,190Pantalones y monos para la nieve,pantalones-monos-nieve-194,0
195,131Ropa interior,interior-195,0
196,195Bóxers,boxers,0
197,195Calzoncillos,calzoncillos,0
198,195Camisetas interiores,camisetas-interiores,0
199,195Conjuntos,conjuntos-199,0
200,195Térmicos,termicos-200,0
201,131Sudaderas,sudaderas-201,0
202,201Sudaderas con capucha,sudaderas-con-capucha-202,0
203,201Sudaderas sin capucha,sudaderas-capucha-203,0
204,131Trajes y Blazers,trajes-blazers,0
205,204Blazers,blazers-205,0
206,204Chaquetas de traje y americanas,chaquetas-traje-americanas,0
207,204Esmoquin,esmoquin,0
208,204Pantalones de traje,pantalones-traje,0
209,204Trajes,trajes,0
210,131Vaqueros,vaqueros-210,0
211,0Hombre,hombre,0
212,211Accesorios,accesorios-212,0
213,212Bufandas,bufandas-213,0
214,212Cinturones,cinturones-214,0
215,"212Corbatas, fajines y pañuelos de bolsillo",corbatas-fajines-panuelos-bolsillo,0
216,212Diademas de moda,diademas-moda-216,0
217,212Diademas deportivas,diademas-deportivas-217,0
218,212Foulards,foulards,0
219,212Gafas y accesorios,gafas-accesorios-219,0
220,212Guantes y manoplas,guantes-manoplas,0
221,212Hebillas de cinturón,hebillas-cinturon,0
222,212Orejeras,orejeras-222,0
223,212Para hombre,hombre-223,0
224,212Pañuelos,panuelos-224,0
225,"212Set de bufanda, gorro y guantes",set-bufanda-gorro-guantes-225,0
226,212Sombreros y gorras,sombreros-gorras-226,0
227,212Tirantes,tirantes-227,0
228,211Calcetines y calcetería,calcetines-calceteria-228,0
229,228Calcetines,calcetines-229,0
230,228Calcetines antideslizantes,calcetines-antideslizantes-230,0
231,"211Camisetas, polos y camisas",camisetas-polos-camisas-231,0
232,231Camisas casual,camisas-casual,0
233,231Camisas formales,camisas-formales,0
234,231Camisetas,camisetas,0
235,231Camisetas de manga larga,camisetas-manga-larga-235,0
236,231Camisetas de tirantes,camisetas-tirantes-236,0
237,231Polos,polos-237,0
238,"211Jerséis, cárdigans y sudaderas",jerseis-cardigans-sudaderas,0
239,238Cárdigans,cardigans-239,0
240,238Jerséis,jerseis-240,0
241,238Jerséis sin mangas y chalecos de punto,jerseis-mangas-chalecos-punto,0
242,238Sudaderas,sudaderas-242,0
243,211Monos,monos-243,0
244,211Pantalones,pantalones-244,0
245,211Pantalones cortos,pantalones-cortos-245,0
246,211Ropa de abrigo,abrigo-246,0
247,246Abrigos,abrigos-247,0
248,246Chalecos,chalecos-248,0
249,246Chaquetas,chaquetas-249,0
250,246Chaquetas impermeables y gabardinas,chaquetas-impermeables-gabardinas,0
251,211Ropa de baño,bano-251,0
252,251Bañadores,banadores-252,0
253,251Bermudas,bermudas-253,0
254,251Camisetas de neopreno,camisetas-neopreno-254,0
255,251Slips de natación,slips-natacion-255,0
256,211Ropa de dormir,dormir,0
257,256Albornoces,albornoces-257,0
258,256Camisetas de pijama,camisetas-pijama-258,0
259,256Pantalones de pijama,pantalones-pijama-259,0
260,256Pijamas,pijamas-260,0
261,256Pijamas de una pieza,pijamas-una-pieza-261,0
262,211Ropa deportiva,deportiva-262,0
263,262Base layers y compresión,base-layers-compresion-263,0
264,262Calcetines de deporte,calcetines-deporte-264,0
265,262Camisetas deportivas,camisetas-deportivas,0
266,262Chalecos,chalecos-266,0
267,262Chaquetas deportivas,chaquetas-deportivas-267,0
268,262Conjuntos deportivos,conjuntos-deportivos-268,0
269,262Leggings,leggings-269,0
270,262Pantalones cortos deportivos,pantalones-cortos-deportivos-270,0
271,262Pantalones deportivos,pantalones-deportivos-271,0
272,262Ropa de punto deportiva,punto-deportiva-272,0
273,262Ropa interior deportiva,interior-deportiva-273,0
274,262Sudaderas,sudaderas-274,0
275,211Ropa impermeable y de nieve,impermeable-nieve-275,0
276,275Chaquetas impermeables y gabardinas,chaquetas-impermeables-gabardinas-276,0
277,275Pantalones impermeables,pantalones-impermeables-277,0
278,275Pantalones y monos para la nieve,pantalones-monos-nieve-278,0
279,275Trajes para la nieve,trajes-nieve,0
280,211Ropa interior,interior-280,0
281,211Trajes y blazers,trajes-blazers-281,0
282,211Vaqueros,vaqueros-282,0
283,0Mujeres,mujeres,0
284,0Ropa de fantasía y para uso especial,fantasia-uso-especial,0
285,0Ropa específica deportiva,especifica-deportiva,0
